window,precision,recall,f1,fpr,cumulative_error,window_error,fading_error
final,0.029411764705882353,0.5,0.05555555555555555,0.15714285714285714,0,0,0
