{
  "summary": {
    "total_algorithms": 20,
    "total_experiments": 564,
    "total_execution_time": 175856.4814248085,
    "accuracy_cv": 0.004407024187348979,
    "f1_cv": 0.002253681135769119
  },
  "best_results": {
    "best_accuracy": {
      "algorithm": "GradientBoostingClassifier",
      "value": 0.9929907528138057,
      "stability": 0.0008013265480648624
    },
    "best_f1": {
      "algorithm": "GradientBoostingClassifier",
      "value": 0.9964102006954347,
      "stability": 0.00040957417485132375
    },
    "fastest": {
      "algorithm": "SGDOneClassSVM",
      "time": 24.24844717979431,
      "efficiency": 0.0408732900080434
    }
  },
  "statistics": {
    "mean_accuracy": 0.9868485820462869,
    "std_accuracy": 0.00434906557032903,
    "mean_f1": 0.9932579755055096,
    "std_f1": 0.002238486762348993,
    "mean_execution_time": 8792.824071240426,
    "total_experiments_per_minute": 0.19242964334225618
  },
  "rankings": {
    "by_f1": [
      "GradientBoostingClassifier",
      "GradientBoostingClassifier",
      "RandomForest",
      "RandomForest",
      "MLPClassifier"
    ],
    "by_speed": [
      "SGDOneClassSVM",
      "SGDOneClassSVM",
      "IsolationForest",
      "EllipticEnvelope",
      "SGDClassifier"
    ],
    "by_efficiency": [
      "SGDOneClassSVM",
      "SGDOneClassSVM",
      "IsolationForest",
      "EllipticEnvelope",
      "SGDClassifier"
    ]
  }
}