,Feature,F-statistic,p-value,Significant
0,Rate,13.225900404266133,3.4586611943836976e-52,True
1,AVG,130.94278494253143,0.0,True
2,Min,34.69294050582151,8.86674779954277e-141,True
3,Max,80.41812410220047,1.7713136313949456e-286,True
4,Std,107.79009098256292,0.0,True
5,Tot size,130.94278494253143,0.0,True
