{
  "flows_processed": 138,
  "anomalies_detected": 7,
  "anomaly_rate": 5.072463768115942,
  "elapsed_seconds": 14.969778776168823,
  "flows_per_second": 9.218573104078828,
  "algorithm": "micro_teda",
  "detector_stats": {
    "total_samples": 138,
    "num_clusters": 16,
    "anomaly_count": 7,
    "r0": 0.05,
    "min_samples": 10,
    "clusters": [
      {
        "cluster_id": 0,
        "n": 1,
        "mean": [
          75.0,
          476.0,
          59238.0,
          4.0,
          3.0,
          0.38371827443440754,
          6.346666666666667,
          101.14531313131312,
          45.281133530659844,
          1.0026666666666666,
          0.16176470588235295,
          0.04867353047264947,
          2.5,
          1.516623811079363,
          1.177257696093289,
          0.0,
          1114.8744747279848,
          0.48,
          0.013333333333333334
        ],
        "variance": 0.0,
        "density": 1.0,
        "dynamic_m": 1.0000981227800807,
        "threshold": 13.0
      },
      {
        "cluster_id": 1,
        "n": 1,
        "mean": [
          5.0,
          24.0,
          3189.0,
          3.0,
          3.0,
          27.4118634223938,
          4.8,
          161.73333333333335,
          129.15372408275513,
          0.45,
          0.08333333333333333,
          7.368556662968227,
          0.16666666666666666,
          1.5,
          1.3709505944546687,
          0.0,
          381.1941237742261,
          0.4,
          0.6
        ],
        "variance": 0.0,
        "density": 1.0,
        "dynamic_m": 1.0000981227800807,
        "threshold": 13.0
      },
      {
        "cluster_id": 2,
        "n": 1,
        "mean": [
          13.0,
          86.0,
          9229.0,
          3.0,
          1.0,
          7.20102963080773,
          6.615384615384615,
          107.15384615384616,
          18.118609871307427,
          1.1153846153846154,
          0.0,
          2.3099338679741592,
          0.43333333333333335,
          -0.0,
          1.5766212201074912,
          0.0,
          394.7896151581072,
          0.3076923076923077,
          0.0
        ],
        "variance": 0.0,
        "density": 1.0,
        "dynamic_m": 1.0000981227800807,
        "threshold": 13.0
      },
      {
        "cluster_id": 3,
        "n": 1,
        "mean": [
          9.0,
          18.0,
          1812.0,
          6.0,
          2.0,
          0.11541321542527941,
          2.0,
          100.66666666666667,
          11.925695879998878,
          1.0,
          0.0,
          0.0,
          0.3,
          0.9910760598382222,
          2.2810361125534233,
          0.0,
          23.851391759997757,
          1.0,
          0.0
        ],
        "variance": 0.0,
        "density": 1.0,
        "dynamic_m": 1.0000981227800807,
        "threshold": 13.0
      },
      {
        "cluster_id": 4,
        "n": 3,
        "mean": [
          12.666666666666666,
          33.333333333333336,
          2405.3333333333335,
          4.0,
          2.0,
          5.30847603281339,
          3.0,
          72.93333333333334,
          10.121831538982903,
          1.0,
          0.0,
          1.2992443901797135,
          0.4222222222222222,
          0.91772643778949,
          1.9479520632582414,
          0.0,
          106.69883441243473,
          0.875,
          0.0
        ],
        "variance": 258118.47908536802,
        "density": 0.12962962962961636,
        "dynamic_m": 1.0094535863003398,
        "threshold": 0.33649942381576964
      },
      {
        "cluster_id": 5,
        "n": 1,
        "mean": [
          6.0,
          39.0,
          10298.0,
          4.0,
          2.0,
          20.91488468647003,
          6.5,
          243.3735632183908,
          175.66715862947717,
          0.7051282051282052,
          0.05128205128205128,
          20.708045654826694,
          0.2,
          0.8112781244591328,
          1.9182958340544893,
          0.0,
          2798.168547858085,
          0.8333333333333334,
          0.3333333333333333
        ],
        "variance": 0.0,
        "density": 1.0,
        "dynamic_m": 1.0000981227800807,
        "threshold": 13.0
      },
      {
        "cluster_id": 6,
        "n": 121,
        "mean": [
          19.9504132231405,
          185.4628099173554,
          39169.02479338844,
          3.1983471074380163,
          2.371900826446281,
          25.83673159629836,
          15.921035413851687,
          128.79646653498875,
          46.98976430332921,
          0.9958853187459153,
          0.08594589201537337,
          1.3741894567511852,
          0.665013774104683,
          0.9721808242953973,
          1.359027166337947,
          0.03684992033090711,
          9004.610396734332,
          0.6211727331221013,
          0.058243311145785515
        ],
        "variance": 44389033907.50965,
        "density": 3.530929354490217e-05,
        "dynamic_m": 1.610051895385751,
        "threshold": 0.014844078949732435
      },
      {
        "cluster_id": 7,
        "n": 1,
        "mean": [
          6.0,
          12.0,
          1572.0,
          1.0,
          1.0,
          0.05973498026529948,
          2.0,
          131.0,
          20.12461179749811,
          1.0,
          0.0,
          0.0,
          0.2,
          -0.0,
          -0.0,
          0.0,
          40.24922359499622,
          1.0,
          0.0
        ],
        "variance": 0.0,
        "density": 1.0,
        "dynamic_m": 1.0000981227800807,
        "threshold": 13.0
      },
      {
        "cluster_id": 8,
        "n": 1,
        "mean": [
          78.0,
          484.0,
          54833.0,
          3.0,
          3.0,
          0.4800507380412175,
          6.205128205128205,
          95.77879684418144,
          28.295789753523394,
          1.002136752136752,
          0.1652892561983471,
          0.05255863796441983,
          2.6,
          1.4997628446468245,
          1.0860184746765569,
          0.0,
          890.4328174543755,
          0.5,
          0.0
        ],
        "variance": 0.0,
        "density": 1.0,
        "dynamic_m": 1.0000981227800807,
        "threshold": 13.0
      },
      {
        "cluster_id": 9,
        "n": 1,
        "mean": [
          5.0,
          44.0,
          5511.0,
          3.0,
          1.0,
          26.312298345565797,
          8.8,
          127.3,
          18.946239732464065,
          1.0,
          0.0,
          5.615085518360138,
          0.16666666666666666,
          -0.0,
          1.3709505944546687,
          0.0,
          476.63168169982157,
          0.2,
          0.0
        ],
        "variance": 0.0,
        "density": 1.0,
        "dynamic_m": 1.0000981227800807,
        "threshold": 13.0
      },
      {
        "cluster_id": 10,
        "n": 1,
        "mean": [
          7.0,
          1729.0,
          1723879.0,
          4.0,
          2.0,
          2.819880417415074,
          247.0,
          359.3630143270627,
          289.51206664856755,
          1.1873587899484315,
          0.004626951995373048,
          0.042553727349253376,
          0.23333333333333334,
          0.9852281360342515,
          1.8423709931771084,
          0.0,
          593276.9716741215,
          0.42857142857142855,
          0.0
        ],
        "variance": 0.0,
        "density": 1.0,
        "dynamic_m": 1.0000981227800807,
        "threshold": 13.0
      },
      {
        "cluster_id": 11,
        "n": 1,
        "mean": [
          5.0,
          46.0,
          12886.0,
          4.0,
          4.0,
          20.01859583854675,
          9.2,
          264.3066666666667,
          141.58155309848024,
          0.8285714285714285,
          0.043478260869565216,
          9.508278980141593,
          0.16666666666666666,
          1.9219280948873623,
          1.9219280948873623,
          0.0,
          3177.9836626389383,
          0.2,
          0.4
        ],
        "variance": 0.0,