{
  "algorithm": "IsolationForest",
  "total_experiments": 30,
  "configurations": 10,
  "runs_per_config": 3,
  "execution_time": 317.1648371219635,
  "best_accuracy": 0.979397633448914,
  "mean_accuracy": 0.8415156011559541,
  "best_f1": 0.9894046861559516,
  "mean_f1": 0.9086505125851522,
  "test_mode": false,
  "results_path": "experiments/results/full/1760364824_isolationforest",
  "timestamp": 1760448341.133727,
  "best_balanced_accuracy": 0.8856788517384575,
  "mean_balanced_accuracy": 0.8498887695066238
}