{
  "algorithm": "SGDClassifier",
  "mode": "COMPLETO",
  "executions": 60,
  "best_performance": {
    "f1_score": 0.9934229586347385,
    "accuracy": 0.9871410134809447,
    "precision": 0.9924893105761449,
    "recall": 0.9943583649379374,
    "training_time": 23.604014317194622
  },
  "average_performance": {
    "f1_score": 0.9928883960830197,
    "accuracy": 0.9860981783287539,
    "precision": 0.9921216710462816,
    "recall": 0.9936614336644471,
    "training_time": 29.042301670710245
  },
  "stability": {
    "f1_std": 0.0006745642686978437,
    "accuracy_std": 0.0013166919065851414,
    "stability_score": 0.0006862967007549575
  },
  "efficiency": 0.05485242982416322,
  "generated_at": "2025-10-20T04:55:16.861443"
}