{
  "flows_processed": 147,
  "anomalies_detected": 9,
  "anomaly_rate": 6.122448979591836,
  "elapsed_seconds": 15.270424604415894,
  "flows_per_second": 9.626451379583159,
  "algorithm": "micro_teda",
  "detector_stats": {
    "total_samples": 147,
    "num_clusters": 18,
    "anomaly_count": 9,
    "r0": 0.15,
    "min_samples": 10,
    "clusters": [
      {
        "cluster_id": 0,
        "n": 1,
        "mean": [
          76.0,
          478.0,
          59394.0,
          4.0,
          3.0,
          0.3789594424398322,
          6.2894736842105265,
          100.84076953748006,
          45.05949806406754,
          1.0026315789473685,
          0.16108786610878661,
          0.04803308928221987,
          2.533333333333333,
          1.510465797225339,
          1.1755650258575028,
          0.0,
          1109.8681109412103,
          0.4868421052631579,
          0.013157894736842105
        ],
        "variance": 0.0,
        "density": 1.0,
        "dynamic_m": 1.0000981227800807,
        "threshold": 13.0
      },
      {
        "cluster_id": 1,
        "n": 1,
        "mean": [
          11.0,
          66.0,
          7209.0,
          3.0,
          1.0,
          6.319929448041049,
          6.0,
          108.27272727272727,
          19.470681498512807,
          1.1363636363636365,
          0.0,
          2.184301841439623,
          0.36666666666666664,
          -0.0,
          1.5726236638951638,
          0.0,
          405.92526690765334,
          0.36363636363636365,
          0.0
        ],
        "variance": 0.0,
        "density": 1.0,
        "dynamic_m": 1.0000981227800807,
        "threshold": 13.0
      },
      {
        "cluster_id": 2,
        "n": 1,
        "mean": [
          9.0,
          18.0,
          1812.0,
          6.0,
          2.0,
          0.11541321542527941,
          2.0,
          100.66666666666667,
          11.925695879998878,
          1.0,
          0.0,
          0.0,
          0.3,
          0.9910760598382222,
          2.2810361125534233,
          0.0,
          23.851391759997757,
          1.0,
          0.0
        ],
        "variance": 0.0,
        "density": 1.0,
        "dynamic_m": 1.0000981227800807,
        "threshold": 13.0
      },
      {
        "cluster_id": 3,
        "n": 1,
        "mean": [
          15.0,
          30.0,
          2124.0,
          4.0,
          2.0,
          0.13299301465352376,
          2.0,
          70.8,
          12.006664815842907,
          1.0,
          0.0,
          0.0,
          0.5,
          0.9709505944546686,
          1.9219280948873623,
          0.0,
          24.013329631685814,
          1.0,
          0.0
        ],
        "variance": 0.0,
        "density": 1.0,
        "dynamic_m": 1.0000981227800807,
        "threshold": 13.0
      },
      {
        "cluster_id": 4,
        "n": 130,
        "mean": [
          25.461538461538463,
          190.09230769230763,
          38705.661538461536,
          3.330769230769231,
          2.4692307692307685,
          25.084959988088972,
          15.459481280676039,
          123.8722893833776,
          43.73723798040302,
          0.978298814941154,
          0.08070165607856321,
          2.3569508492773616,
          0.8487179487179488,
          1.004346374092561,
          1.3857474700351047,
          0.03716738389815314,
          8332.062069972544,
          0.6280098125023006,
          0.06731390404467326
        ],
        "variance": 41934279061.58476,
        "density": 3.065318011063198e-05,
        "dynamic_m": 1.6569237287229759,
        "threshold": 0.014405370164635575
      },
      {
        "cluster_id": 5,
        "n": 1,
        "mean": [
          6.0,
          12.0,
          1572.0,
          1.0,
          1.0,
          0.05973498026529948,
          2.0,
          131.0,
          20.12461179749811,
          1.0,
          0.0,
          0.0,
          0.2,
          -0.0,
          -0.0,
          0.0,
          40.24922359499622,
          1.0,
          0.0
        ],
        "variance": 0.0,
        "density": 1.0,
        "dynamic_m": 1.0000981227800807,
        "threshold": 13.0
      },
      {
        "cluster_id": 6,
        "n": 1,
        "mean": [
          5.0,
          26.0,
          2649.0,
          2.0,
          3.0,
          0.18855371475219726,
          5.2,
          90.42,
          18.148101829117007,
          1.0,
          0.15384615384615385,
          0.028364402055740357,
          0.16666666666666666,
          1.3709505944546687,
          0.9709505944546686,
          0.0,
          468.3871902603657,
          0.6,
          0.0
        ],
        "variance": 0.0,
        "density": 1.0,
        "dynamic_m": 1.0000981227800807,
        "threshold": 13.0
      },
      {
        "cluster_id": 7,
        "n": 1,
        "mean": [
          73.0,
          458.0,
          52184.0,
          3.0,
          3.0,
          0.5000162875815614,
          6.273972602739726,
          96.14583772391991,
          28.824135620318277,
          1.0022831050228311,
          0.16593886462882096,
          0.054215777410219795,
          2.433333333333333,
          1.5064468488346339,
          1.0907204478684216,
          0.0,
          911.0187985253949,
          0.4931506849315068,
          0.0
        ],
        "variance": 0.0,
        "density": 1.0,
        "dynamic_m": 1.0000981227800807,
        "threshold": 13.0
      },
      {
        "cluster_id": 8,
        "n": 1,
        "mean": [
          18.0,
          72.0,
          5274.0,
          4.0,
          2.0,
          43.954007652070786,
          4.0,
          71.5,
          11.071735786828247,
          1.0,
          0.0,
          7.302291410940665,
          0.6,
          0.9182958340544896,
          1.9749375012019272,
          0.0,
          339.24966224498047,
          0.8333333333333334,
          0.0
        ],
        "variance": 0.0,
        "density": 1.0,
        "dynamic_m": 1.0000981227800807,
        "threshold": 13.0
      },
      {
        "cluster_id": 9,
        "n": 1,
        "mean": [
          6.0,
          64.0,
          8291.0,
          3.0,
          1.0,
          65.33761608600616,
          10.666666666666666,
          129.25,
          17.836642995063094,
          1.0,
          0.0,
          9.971127886147727,
          0.2,
          -0.0,
          1.4591479170272448,
          0.0,
          690.8281061322144,
          0.16666666666666666,
          0.0
        ],
        "variance": 0.0,
        "density": 1.0,
        "dynamic_m": 1.0000981227800807,
        "threshold": 13.0
      },
      {
        "cluster_id": 10,
        "n": 1,
        "mean": [
          8.0,
          40.0,
          2968.0,
          4.0,
          2.0,
          15.659012168645859,
          5.0,
          77.2,
          6.352164985262898,
          1.0,
          0.0,
          3.8977331705391407,
          0.26666666666666666,
          0.8112781244591328,
          2.0,
          0.0,
          272.06984397393256,
          0.625,
          0.0
        ],
        "variance": 0.0,
        "density": 1.0,
        "dynamic_m": 1.0000981227800807,
        "threshold": 13.0
      },
      {
        "cluster_id": 11,
        "n": 1,
        "mean": [
          7.0,
          1729.0,
          1723879.0,
          4.0,
          2.0,
          2.819880417415074,
          247.0,
          359.3630143270627,
          289.51206664856755,
          1.1873587899484315,
          0.004626951995373048,
          0.042553727349253376,
          0.23333333333333334,
          0.9852281360342515,
          1.8423709931771084,
          0.0,
          593276.9716741215,
          0.42857142857142855,
          0.0
        ],
        "variance": 0.0,
        "density": 1.0,
        "dynamic_m": 1.0000981227800807,
        "threshold": 13.0
      },
      {
        "cluster_id": 12,
        "n": 1,