window,precision,recall,f1,fpr,cumulative_error,window_error,fading_error
final,0.1111111111111111,0.1,0.10526315789473685,0.058394160583941604,0,0,0
