{
  "algorithm": "EllipticEnvelope",
  "total_experiments": 75,
  "configurations": 15,
  "runs_per_config": 5,
  "execution_time": 1316.3867201805115,
  "best_accuracy": 0.9841878225020047,
  "mean_accuracy": 0.9810625564112418,
  "best_balanced_accuracy": 0.9829196182167245,
  "mean_balanced_accuracy": 0.9017094015259365,
  "best_f1": 0.9919170000755102,
  "mean_f1": 0.9902474617220628,
  "test_mode": false,
  "results_path": "experiments/results/full/1760998223_ellipticenvelope",
  "timestamp": 1761146755.0305605
}