{
  "flows_processed": 150,
  "anomalies_detected": 7,
  "anomaly_rate": 4.666666666666667,
  "elapsed_seconds": 15.397289752960205,
  "flows_per_second": 9.741974230962418,
  "algorithm": "micro_teda",
  "detector_stats": {
    "total_samples": 150,
    "num_clusters": 16,
    "anomaly_count": 7,
    "r0": 0.1,
    "min_samples": 10,
    "clusters": [
      {
        "cluster_id": 0,
        "n": 1,
        "mean": [
          76.0,
          480.0,
          59550.0,
          4.0,
          3.0,
          2.3751793252794364,
          6.315789473684211,
          100.84076953748006,
          45.05949806406754,
          1.0026315789473685,
          0.16041666666666668,
          2.044267485852827,
          2.533333333333333,
          1.510465797225339,
          1.1755650258575028,
          0.0,
          1108.8531818094154,
          0.47368421052631576,
          0.013157894736842105
        ],
        "variance": 0.0,
        "density": 1.0,
        "dynamic_m": 1.0000981227800807,
        "threshold": 13.0
      },
      {
        "cluster_id": 1,
        "n": 1,
        "mean": [
          5.0,
          24.0,
          3189.0,
          3.0,
          3.0,
          27.4118634223938,
          4.8,
          161.73333333333335,
          129.15372408275513,
          0.45,
          0.08333333333333333,
          7.368556662968227,
          0.16666666666666666,
          1.5,
          1.3709505944546687,
          0.0,
          381.1941237742261,
          0.4,
          0.6
        ],
        "variance": 0.0,
        "density": 1.0,
        "dynamic_m": 1.0000981227800807,
        "threshold": 13.0
      },
      {
        "cluster_id": 2,
        "n": 1,
        "mean": [
          14.0,
          102.0,
          11453.0,
          3.0,
          1.0,
          15.645713073866707,
          7.285714285714286,
          109.42857142857143,
          19.28994662554374,
          1.1071428571428572,
          0.0,
          3.4240270389788816,
          0.4666666666666667,
          -0.0,
          1.5774062828523454,
          0.0,
          544.7705236789045,
          0.2857142857142857,
          0.0
        ],
        "variance": 0.0,
        "density": 1.0,
        "dynamic_m": 1.0000981227800807,
        "threshold": 13.0
      },
      {
        "cluster_id": 3,
        "n": 1,
        "mean": [
          9.0,
          18.0,
          1812.0,
          6.0,
          2.0,
          0.11541321542527941,
          2.0,
          100.66666666666667,
          11.925695879998878,
          1.0,
          0.0,
          0.0,
          0.3,
          0.9910760598382222,
          2.2810361125534233,
          0.0,
          23.851391759997757,
          1.0,
          0.0
        ],
        "variance": 0.0,
        "density": 1.0,
        "dynamic_m": 1.0000981227800807,
        "threshold": 13.0
      },
      {
        "cluster_id": 4,
        "n": 3,
        "mean": [
          13.0,
          34.333333333333336,
          2580.6666666666665,
          4.333333333333333,
          2.3333333333333335,
          8.348691398126109,
          2.925925925925926,
          76.5679012345679,
          18.47658987753822,
          0.9629629629629629,
          0.0,
          2.9649732918651015,
          0.43333333333333335,
          1.0554318781051077,
          2.041630767442716,
          0.0,
          103.04028103728533,
          0.8888888888888888,
          0.037037037037037035
        ],
        "variance": 644895.0470423604,
        "density": 0.12962962962962435,
        "dynamic_m": 1.0094535863003398,
        "threshold": 0.33649942381576964
      },
      {
        "cluster_id": 5,
        "n": 1,
        "mean": [
          6.0,
          39.0,
          10298.0,
          4.0,
          2.0,
          20.91488468647003,
          6.5,
          243.3735632183908,
          175.66715862947717,
          0.7051282051282052,
          0.05128205128205128,
          20.708045654826694,
          0.2,
          0.8112781244591328,
          1.9182958340544893,
          0.0,
          2798.168547858085,
          0.8333333333333334,
          0.3333333333333333
        ],
        "variance": 0.0,
        "density": 1.0,
        "dynamic_m": 1.0000981227800807,
        "threshold": 13.0
      },
      {
        "cluster_id": 6,
        "n": 133,
        "mean": [
          24.902255639097742,
          184.56390977443613,
          38504.12030075191,
          3.2706766917293235,
          2.4436090225563913,
          24.7667369551105,
          15.689449593245852,
          127.01276458378362,
          46.20444005943316,
          0.9836171798838907,
          0.07964535658154287,
          1.5393840425476086,
          0.8300751879699249,
          0.9883135857112506,
          1.3740465827089052,
          0.03488574917146346,
          8479.16085303658,
          0.613204982444262,
          0.06395843087572413
        ],
        "variance": 41025245589.52019,
        "density": 2.929969508862482e-05,
        "dynamic_m": 1.6724836894128174,
        "threshold": 0.014275194328390639
      },
      {
        "cluster_id": 7,
        "n": 1,
        "mean": [
          6.0,
          12.0,
          1572.0,
          1.0,
          1.0,
          0.05973498026529948,
          2.0,
          131.0,
          20.12461179749811,
          1.0,
          0.0,
          0.0,
          0.2,
          -0.0,
          -0.0,
          0.0,
          40.24922359499622,
          1.0,
          0.0
        ],
        "variance": 0.0,
        "density": 1.0,
        "dynamic_m": 1.0000981227800807,
        "threshold": 13.0
      },
      {
        "cluster_id": 8,
        "n": 1,
        "mean": [
          78.0,
          484.0,
          54833.0,
          3.0,
          3.0,
          0.4800507380412175,
          6.205128205128205,
          95.77879684418144,
          28.295789753523394,
          1.002136752136752,
          0.1652892561983471,
          0.05255863796441983,
          2.6,
          1.4997628446468245,
          1.0860184746765569,
          0.0,
          890.4328174543755,
          0.5,
          0.0
        ],
        "variance": 0.0,
        "density": 1.0,
        "dynamic_m": 1.0000981227800807,
        "threshold": 13.0
      },
      {
        "cluster_id": 9,
        "n": 1,
        "mean": [
          7.0,
          1729.0,
          1723879.0,
          4.0,
          2.0,
          2.819880417415074,
          247.0,
          359.3630143270627,
          289.51206664856755,
          1.1873587899484315,
          0.004626951995373048,
          0.042553727349253376,
          0.23333333333333334,
          0.9852281360342515,
          1.8423709931771084,
          0.0,
          593276.9716741215,
          0.42857142857142855,
          0.0
        ],
        "variance": 0.0,
        "density": 1.0,
        "dynamic_m": 1.0000981227800807,
        "threshold": 13.0
      },
      {
        "cluster_id": 10,
        "n": 1,
        "mean": [
          5.0,
          11.0,
          1706.0,
          2.0,
          2.0,
          0.6186503887176513,
          2.2,
          163.2,
          69.61149330390779,
          0.8,
          0.2727272727272727,
          0.30064878463745115,
          0.16666666666666666,
          0.7219280948873623,
          0.7219280948873623,
          0.2,
          122.38692740648406,
          1.0,
          0.2
        ],
        "variance": 0.0,
        "density": 1.0,
        "dynamic_m": 1.0000981227800807,
        "threshold": 13.0
      },
      {
        "cluster_id": 11,
        "n": 1,