{
  "algorithm": "LinearSVC",
  "total_experiments": 90,
  "configurations": 18,
  "runs_per_config": 5,
  "execution_time": 14753.774198055267,
  "best_accuracy": 0.9871021410912257,
  "mean_accuracy": 0.9870219899257576,
  "best_balanced_accuracy": 0.8488660009903296,
  "mean_balanced_accuracy": 0.8467708509481566,
  "best_f1": 0.9934000208007611,
  "mean_f1": 0.9933594137967506,
  "test_mode": false,
  "results_path": "experiments/results/full/1760998223_linearsvc",
  "timestamp": 1761172475.0394983
}