{
  "flows_processed": 3214,
  "anomalies_detected": 1510,
  "anomaly_rate": 46.98195395146235,
  "elapsed_seconds": 44.78222584724426,
  "flows_per_second": 71.76954559970311,
  "algorithm": "halfspace_trees",
  "detector_stats": {
    "total_samples": 3214,
    "anomaly_count": 1510,
    "n_trees": 25,
    "height": 15,
    "window_size": 250,
    "seed": 42,
    "threshold": 0.5,
    "min_samples": 10
  },
  "ground_truth_mode": "ip",
  "attack_flows_by_ip": 0,
  "benign_flows_by_ip": 3214,
  "prequential_metrics": {
    "precision": 0.0,
    "recall": 0.0,
    "f1": 0.0,
    "accuracy": 0.5301804604853765,
    "fpr": 0.4698195395146235,
    "tp": 0,
    "fp": 1510,
    "tn": 1704,
    "fn": 0,
    "error_rate": 0.4698195395146235,
    "total_samples": 3214
  }
}