window,precision,recall,f1,fpr,cumulative_error,window_error,fading_error
final,0.2577367205542725,0.49865951742627346,0.3398294762484774,0.486232980332829,0,0,0
