window,precision,recall,f1,fpr,cumulative_error,window_error,fading_error
final,0.14285714285714285,0.1,0.11764705882352941,0.043795620437956206,0,0,0
