{
  "algorithm": "IsolationForest",
  "mode": "COMPLETO",
  "executions": 45,
  "best_performance": {
    "f1_score": 0.9899781454352011,
    "accuracy": 0.980478285883103,
    "precision": 0.9927193680589861,
    "recall": 0.987252019946438,
    "training_time": 11.426601012547811
  },
  "average_performance": {
    "f1_score": 0.9335130795753511,
    "accuracy": 0.8836926252783079,
    "precision": 0.9953948267503506,
    "recall": 0.8851644671378451,
    "training_time": 6.906387106577555
  },
  "stability": {
    "f1_std": 0.06145859081275906,
    "accuracy_std": 0.10287674698148086,
    "stability_score": 0.0629048731790741
  },
  "efficiency": 0.1738592571972118,
  "generated_at": "2025-10-20T00:10:00.331235"
}