{
  "algorithm": "RandomForest",
  "mode": "COMPLETO",
  "executions": 60,
  "best_performance": {
    "f1_score": 0.9963833501018338,
    "accuracy": 0.9929374421079054,
    "precision": 0.9966401259753648,
    "recall": 0.9961267065064735,
    "training_time": 2340.2702474594116
  },
  "average_performance": {
    "f1_score": 0.9960586332605973,
    "accuracy": 0.9923016934293812,
    "precision": 0.9961519652343827,
    "recall": 0.9959656983432932,
    "training_time": 879.5958371957144
  },
  "stability": {
    "f1_std": 0.0004993398614253367,
    "accuracy_std": 0.0009790705619375244,
    "stability_score": 0.0005171790183343234
  },
  "efficiency": 0.004373236550694476,
  "generated_at": "2025-10-21T13:56:11.915456"
}