{
  "algorithm": "GradientBoostingClassifier",
  "total_experiments": 30,
  "configurations": 10,
  "runs_per_config": 3,
  "execution_time": 52887.03005337715,
  "best_accuracy": 0.9929907528138057,
  "mean_accuracy": 0.9921894262657408,
  "best_balanced_accuracy": 0.9309815912656728,
  "mean_balanced_accuracy": 0.9183162813806135,
  "best_f1": 0.9964102006954347,
  "mean_f1": 0.9960006265205834,
  "test_mode": false,
  "results_path": "experiments/results/full/1760834269_gradientboostingclassifier",
  "timestamp": 1760918259.58888
}