window,precision,recall,f1,fpr,cumulative_error,window_error,fading_error
final,0.08035714285714286,0.9,0.14754098360655737,0.7410071942446043,0,0,0
