{
  "flows_processed": 2807,
  "anomalies_detected": 6,
  "anomaly_rate": 0.21375133594584966,
  "elapsed_seconds": 13.871188879013062,
  "flows_per_second": 202.36189013668155,
  "algorithm": "teda",
  "detector_stats": {
    "sample_count": 2807,
    "mean": [
      10.192019950124688,
      4792.598859992861,
      5.402208763804767,
      4.789811186319911,
      4032.0986818667816,
      760.5001781261134,
      1034.430811446827,
      85814.99360715573,
      118.57573663638314,
      72.20766986164247,
      2.125474356014457,
      0.8662801332184217,
      0.7210545065906663,
      7.672960456002846,
      0.6579978624866399,
      0.03776273601710006,
      0.9784959190048126
    ],
    "variance": 6199091029541.788,
    "std_dev": 2489797.38724696,
    "anomaly_count": 6,
    "anomaly_rate": 0.0021375133594584966,
    "avg_eccentricity": 0.004296625986403212,
    "current_threshold": 0.0017812611328820805,
    "m_parameter": 3.0
  },
  "prequential_metrics": {
    "precision": 0.0,
    "recall": 0.0,
    "f1": 0.0,
    "accuracy": 0.9978624866405416,
    "fpr": 0.0021375133594584966,
    "tp": 0,
    "fp": 6,
    "tn": 2801,
    "fn": 0,
    "error_rate": 0.0021375133594584966,
    "total_samples": 2807
  },
  "ground_truth_metadata": {
    "pcap_path": "/Users/augusto/mestrado/final-project/data/raw/PCAP/Benign/BenignTraffic.pcap",
    "pcap_filename": "BenignTraffic.pcap",
    "attack_type": "benign",
    "is_attack": false,
    "method": "filename_heuristic",
    "version": "5.0"
  }
}