{
  "algorithm": "LogisticRegression",
  "total_experiments": 100,
  "configurations": 20,
  "runs_per_config": 5,
  "execution_time": 3161.155596256256,
  "best_accuracy": 0.9872232008192079,
  "mean_accuracy": 0.9870368910084832,
  "best_balanced_accuracy": 0.8535236279899385,
  "mean_balanced_accuracy": 0.8489126715394698,
  "best_f1": 0.993460901831675,
  "mean_f1": 0.9933664130282688,
  "test_mode": false,
  "results_path": "experiments/results/full/1760998223_logisticregression",
  "timestamp": 1761001454.6131117
}