window,precision,recall,f1,fpr,cumulative_error,window_error,fading_error
final,0.5666666666666667,0.3333333333333333,0.4197530864197531,0.04153354632587859,0,0,0
