{
  "flows_processed": 10000,
  "anomalies_detected": 1154,
  "anomaly_rate": 11.540000000000001,
  "elapsed_seconds": 6279.5079572200775,
  "flows_per_second": 1.5924814600325747,
  "algorithm": "lof",
  "detector_stats": {
    "total_samples": 10000,
    "anomaly_count": 1154,
    "n_neighbors": 20,
    "threshold": 1.5,
    "min_samples": 10
  },
  "ground_truth_mode": "ip",
  "attack_flows_by_ip": 6281,
  "benign_flows_by_ip": 3719,
  "prequential_metrics": {
    "precision": 0.45753899480069327,
    "recall": 0.0840630472854641,
    "f1": 0.14203093476798925,
    "accuracy": 0.3621,
    "fpr": 0.16832481849959666,
    "tp": 528,
    "fp": 626,
    "tn": 3093,
    "fn": 5753,
    "error_rate": 0.6379,
    "total_samples": 10000
  }
}