{
  "algorithm": "LogisticRegression",
  "mode": "COMPLETO",
  "executions": 60,
  "best_performance": {
    "f1_score": 0.993460901831675,
    "accuracy": 0.987223200819208,
    "precision": 0.9931481550933108,
    "recall": 0.993773845602743,
    "training_time": 34.39723443984985
  },
  "average_performance": {
    "f1_score": 0.9933664130282689,
    "accuracy": 0.9870368910084829,
    "precision": 0.9929289435235603,
    "recall": 0.993804322486368,
    "training_time": 29.742920966943107
  },
  "stability": {
    "f1_std": 0.0001841349489673485,
    "accuracy_std": 0.00036204490469695614,
    "stability_score": 0.00018733753599773636
  },
  "efficiency": 0.03517740059289905,
  "generated_at": "2025-10-19T01:09:15.204562"
}