{
  "algorithm": "MLPClassifier",
  "total_experiments": 24,
  "configurations": 8,
  "runs_per_config": 3,
  "execution_time": 28433.5939347744,
  "best_accuracy": 0.9913181294161811,
  "mean_accuracy": 0.9909062209151226,
  "best_balanced_accuracy": 0.9159030794910783,
  "mean_balanced_accuracy": 0.9072901119129657,
  "best_f1": 0.9955549894489996,
  "mean_f1": 0.9953427952154473,
  "test_mode": false,
  "results_path": "experiments/results/full/1760834269_mlpclassifier",
  "timestamp": 1760964652.1198947
}