window,precision,recall,f1,fpr,cumulative_error,window_error,fading_error
final,0.10526315789473684,0.3333333333333333,0.16,0.15246636771300448,0,0,0
