{
  "flows_processed": 10000,
  "anomalies_detected": 1929,
  "anomaly_rate": 19.29,
  "elapsed_seconds": 68.81455588340759,
  "flows_per_second": 145.31809254052277,
  "algorithm": "halfspace_trees",
  "detector_stats": {
    "total_samples": 10000,
    "anomaly_count": 1929,
    "n_trees": 25,
    "height": 15,
    "window_size": 250,
    "seed": 42,
    "threshold": 0.5,
    "min_samples": 10
  },
  "ground_truth_mode": "ip",
  "attack_flows_by_ip": 6306,
  "benign_flows_by_ip": 3694,
  "prequential_metrics": {
    "precision": 0.35666148263348885,
    "recall": 0.1091024421186172,
    "f1": 0.16709168184578022,
    "accuracy": 0.3141,
    "fpr": 0.33595018949648076,
    "tp": 688,
    "fp": 1241,
    "tn": 2453,
    "fn": 5618,
    "error_rate": 0.6859,
    "total_samples": 10000
  }
}