{
  "flows_processed": 10000,
  "anomalies_detected": 8209,
  "anomaly_rate": 82.09,
  "elapsed_seconds": 73.38882565498352,
  "flows_per_second": 136.26052618708096,
  "algorithm": "halfspace_trees",
  "detector_stats": {
    "total_samples": 10000,
    "anomaly_count": 8209,
    "n_trees": 25,
    "height": 15,
    "window_size": 250,
    "seed": 42,
    "threshold": 0.5,
    "min_samples": 10
  },
  "ground_truth_mode": "ip",
  "attack_flows_by_ip": 6310,
  "benign_flows_by_ip": 3690,
  "prequential_metrics": {
    "precision": 0.7556340601778536,
    "recall": 0.9830427892234548,
    "f1": 0.8544665610579242,
    "accuracy": 0.7887,
    "fpr": 0.5436314363143632,
    "tp": 6203,
    "fp": 2006,
    "tn": 1684,
    "fn": 107,
    "error_rate": 0.2113,
    "total_samples": 10000
  }
}