{
  "algorithm": "LocalOutlierFactor",
  "total_experiments": 24,
  "configurations": 8,
  "runs_per_config": 3,
  "execution_time": 6538.689094543457,
  "best_accuracy": 0.9823752585013916,
  "mean_accuracy": 0.9806726478316982,
  "best_balanced_accuracy": 0.9414633322048408,
  "mean_balanced_accuracy": 0.9261085037237041,
  "best_f1": 0.9909383742064868,
  "mean_f1": 0.9900369644804701,
  "test_mode": false,
  "results_path": "experiments/results/full/1760834269_localoutlierfactor",
  "timestamp": 1760926336.2222018
}