{
  "algorithm": "IsolationForest",
  "total_experiments": 45,
  "configurations": 15,
  "runs_per_config": 3,
  "execution_time": 699.8471457958221,
  "best_accuracy": 0.9804782858831029,
  "mean_accuracy": 0.8836926252783079,
  "best_balanced_accuracy": 0.8856788517384575,
  "mean_balanced_accuracy": 0.8536521278318547,
  "best_f1": 0.9899781454352012,
  "mean_f1": 0.9335130795753511,
  "test_mode": false,
  "results_path": "experiments/results/full/1760834269_isolationforest",
  "timestamp": 1760918982.1020315
}