{
  "algorithm": "LinearSVC",
  "mode": "COMPLETO",
  "executions": 54,
  "best_performance": {
    "f1_score": 0.9934000208007611,
    "accuracy": 0.9871021410912256,
    "precision": 0.9929254393339665,
    "recall": 0.9938750561491093,
    "training_time": 211.66464066505432
  },
  "average_performance": {
    "f1_score": 0.9933594137967505,
    "accuracy": 0.9870219899257577,
    "precision": 0.9928257998307428,
    "recall": 0.9938936303692288,
    "training_time": 144.91288482701336
  },
  "stability": {
    "f1_std": 0.00010348817038809413,
    "accuracy_std": 0.00020380342815904415,
    "stability_score": 0.00010549783705102274
  },
  "efficiency": 0.008201807970064853,
  "generated_at": "2025-10-20T04:24:31.916528"
}