{
  "algorithm": "RandomForest",
  "total_experiments": 12,
  "configurations": 12,
  "runs_per_config": 1,
  "execution_time": 11139.369040250778,
  "best_accuracy": 0.9929374421079054,
  "mean_accuracy": 0.9923016934293817,
  "best_balanced_accuracy": 0.9286325925164525,
  "mean_balanced_accuracy": 0.917518842576951,
  "best_f1": 0.9963833501018338,
  "mean_f1": 0.9960586332605971,
  "test_mode": false,
  "results_path": "experiments/results/full/1760721459_randomforest",
  "timestamp": 1760733253.0580897
}