window,precision,recall,f1,fpr,cumulative_error,window_error,fading_error
final,0.17123287671232876,0.2717391304347826,0.21008403361344535,0.03734567901234568,0,0,0
