window,precision,recall,f1,fpr,cumulative_error,window_error,fading_error
final,0.1875,0.3333333333333333,0.24000000000000005,0.39195979899497485,0,0,0
