{
  "algorithm": "GradientBoostingClassifier",
  "mode": "COMPLETO",
  "executions": 10,
  "best_performance": {
    "f1_score": 0.9964102006954347,
    "accuracy": 0.9929907528138057,
    "precision": 0.9967917858793056,
    "recall": 0.9960289075515577,
    "training_time": 4228.190098285675
  },
  "average_performance": {
    "f1_score": 0.9960006265205829,
    "accuracy": 0.9921894262657405,
    "precision": 0.9961925383555783,
    "recall": 0.9958088599029971,
    "training_time": 1844.226300048828
  },
  "stability": {
    "f1_std": 0.0003826472956251169,
    "accuracy_std": 0.0007488516531026174,
    "stability_score": 0.0003826472956251169
  },
  "efficiency": 0.001194438028733312,
  "generated_at": "2025-10-18T01:42:51.835537"
}