{
  "algorithm": "LinearSVC",
  "mode": "COMPLETO",
  "executions": 30,
  "best_performance": {
    "f1_score": 0.9933995012400799,
    "accuracy": 0.9871010304515194,
    "precision": 0.992917591163008,
    "recall": 0.9938818793320104,
    "training_time": 170.73107735315958
  },
  "average_performance": {
    "f1_score": 0.9933875146492263,
    "accuracy": 0.9870773738257764,
    "precision": 0.992887970715969,
    "recall": 0.9938875653177611,
    "training_time": 146.49405438899993
  },
  "stability": {
    "f1_std": 2.5747367083481002e-05,
    "accuracy_std": 5.087095260563456e-05,
    "stability_score": 2.668393915628823e-05
  },
  "efficiency": 0.007095117188938159,
  "generated_at": "2025-10-14T17:46:58.321890"
}