{
  "algorithm": "SGDOneClassSVM",
  "total_experiments": 45,
  "configurations": 15,
  "runs_per_config": 3,
  "execution_time": 73.318359375,
  "best_accuracy": 0.9827317738471004,
  "mean_accuracy": 0.9808157722685115,
  "best_balanced_accuracy": 0.9869144426181642,
  "mean_balanced_accuracy": 0.9559587249285377,
  "best_f1": 0.991113813824455,
  "mean_f1": 0.990096508621792,
  "test_mode": false,
  "results_path": "experiments/results/full/1760834269_sgdoneclasssvm",
  "timestamp": 1760936195.2865436
}