{
  "flows_processed": 10000,
  "anomalies_detected": 1190,
  "anomaly_rate": 11.899999999999999,
  "elapsed_seconds": 5974.306381940842,
  "flows_per_second": 1.6738344772923,
  "algorithm": "lof",
  "detector_stats": {
    "total_samples": 10000,
    "anomaly_count": 1190,
    "n_neighbors": 20,
    "threshold": 1.5,
    "min_samples": 10
  },
  "ground_truth_mode": "ip",
  "attack_flows_by_ip": 5344,
  "benign_flows_by_ip": 4656,
  "prequential_metrics": {
    "precision": 0.346218487394958,
    "recall": 0.07709580838323353,
    "f1": 0.1261095806550352,
    "accuracy": 0.429,
    "fpr": 0.16709621993127147,
    "tp": 412,
    "fp": 778,
    "tn": 3878,
    "fn": 4932,
    "error_rate": 0.571,
    "total_samples": 10000
  }
}