{
  "algorithm": "EllipticEnvelope",
  "mode": "COMPLETO",
  "executions": 75,
  "best_performance": {
    "f1_score": 0.9919170000755102,
    "accuracy": 0.9841878225020047,
    "precision": 0.9904319293965053,
    "recall": 0.9934065309232334,
    "training_time": 14.931131649017335
  },
  "average_performance": {
    "f1_score": 0.9902474617220628,
    "accuracy": 0.9810625564112418,
    "precision": 0.9956341710972894,
    "recall": 0.9849504845407527,
    "training_time": 15.152158053716024
  },
  "stability": {
    "f1_std": 0.0013495351666258169,
    "accuracy_std": 0.002542428630648218,
    "stability_score": 0.001387557681071442
  },
  "efficiency": 0.06537073266908187,
  "generated_at": "2025-10-22T15:26:12.086189"
}