{
  "algorithm": "GradientBoostingClassifier",
  "mode": "COMPLETO",
  "executions": 30,
  "best_performance": {
    "f1_score": 0.9964102006954348,
    "accuracy": 0.9929907528138057,
    "precision": 0.9967917858793056,
    "recall": 0.9960289075515577,
    "training_time": 4119.599527279536
  },
  "average_performance": {
    "f1_score": 0.9960006265205834,
    "accuracy": 0.9921894262657408,
    "precision": 0.9961925383555786,
    "recall": 0.9958088599029972,
    "training_time": 1759.2545403877893
  },
  "stability": {
    "f1_std": 0.00036921686585532403,
    "accuracy_std": 0.0007225679196227881,
    "stability_score": 0.00038264729562513235
  },
  "efficiency": 0.0012346386432000064,
  "generated_at": "2025-10-19T23:57:57.634917"
}