window,precision,recall,f1,fpr,cumulative_error,window_error,fading_error
final,0.12878787878787878,0.017223910840932118,0.03038427167113494,0.03526525605642441,0,0,0
