{
  "algorithm": "MLPClassifier",
  "total_experiments": 8,
  "configurations": 8,
  "runs_per_config": 1,
  "execution_time": 9458.108598709106,
  "best_accuracy": 0.9913181294161811,
  "mean_accuracy": 0.9909062209151227,
  "best_balanced_accuracy": 0.9159030794910783,
  "mean_balanced_accuracy": 0.9072901119129657,
  "best_f1": 0.9955549894489996,
  "mean_f1": 0.9953427952154473,
  "test_mode": false,
  "results_path": "experiments/results/full/1760721459_mlpclassifier",
  "timestamp": 1760767345.3310678
}