{
  "algorithm": "LocalOutlierFactor",
  "total_experiments": 40,
  "configurations": 8,
  "runs_per_config": 5,
  "execution_time": 10921.20558476448,
  "best_accuracy": 0.9823752585013916,
  "mean_accuracy": 0.980672647831698,
  "best_balanced_accuracy": 0.9414633322048408,
  "mean_balanced_accuracy": 0.9261085037237043,
  "best_f1": 0.9909383742064868,
  "mean_f1": 0.9900369644804702,
  "test_mode": false,
  "results_path": "experiments/results/full/1760998223_localoutlierfactor",
  "timestamp": 1761157698.5547364
}