window,precision,recall,f1,fpr,cumulative_error,window_error,fading_error
final,0.13934426229508196,0.017223910840932118,0.030658250676284946,0.03234750462107209,0,0,0
