window,precision,recall,f1,fpr,cumulative_error,window_error,fading_error
final,0.05405405405405406,0.00031720856463124506,0.000630715862503942,0.009472259810554804,0,0,0
