{
  "algorithm": "SGDClassifier",
  "total_experiments": 30,
  "configurations": 10,
  "runs_per_config": 3,
  "execution_time": 357.9801917076111,
  "best_accuracy": 0.9868977833852742,
  "mean_accuracy": 0.9865219429086766,
  "best_f1": 0.9933024144123276,
  "mean_f1": 0.9931086981482964,
  "test_mode": false,
  "results_path": "experiments/results/full/1760364824_sgdclassifier",
  "timestamp": 1760464382.3974597,
  "best_balanced_accuracy": 0.8462874351431653,
  "mean_balanced_accuracy": 0.82609438096494
}