{
  "algorithm": "LinearSVC",
  "mode": "COMPLETO",
  "executions": 18,
  "best_performance": {
    "f1_score": 0.9934000208007611,
    "accuracy": 0.9871021410912257,
    "precision": 0.9929254393339665,
    "recall": 0.9938750561491093,
    "training_time": 231.5460615158081
  },
  "average_performance": {
    "f1_score": 0.9933594137967509,
    "accuracy": 0.9870219899257573,
    "precision": 0.9928257998307431,
    "recall": 0.993893630369229,
    "training_time": 149.17266261577606
  },
  "stability": {
    "f1_std": 0.00010549783705101663,
    "accuracy_std": 0.00020776114577859993,
    "stability_score": 0.00010549783705101663
  },
  "efficiency": 0.007299762670523961,
  "generated_at": "2025-10-18T03:13:59.241446"
}