window,precision,recall,f1,fpr,cumulative_error,window_error,fading_error
final,0.3424657534246575,0.45454545454545453,0.390625,0.15434083601286175,0,0,0
