window,precision,recall,f1,fpr,cumulative_error,window_error,fading_error
final,0.1111111111111111,0.1,0.10526315789473685,0.057971014492753624,0,0,0
