{
  "algorithm": "RandomForest",
  "mode": "COMPLETO",
  "executions": 12,
  "best_performance": {
    "f1_score": 0.9963833501018338,
    "accuracy": 0.9929374421079054,
    "precision": 0.9966401259753647,
    "recall": 0.9961267065064735,
    "training_time": 2640.897783279419
  },
  "average_performance": {
    "f1_score": 0.9960586332605971,
    "accuracy": 0.9923016934293817,
    "precision": 0.9961519652343823,
    "recall": 0.9959656983432931,
    "training_time": 915.2277865211169
  },
  "stability": {
    "f1_std": 0.0005171790183343093,
    "accuracy_std": 0.0010140483290428872,
    "stability_score": 0.0005171790183343093
  },
  "efficiency": 0.0038825085785411904,
  "generated_at": "2025-10-17T20:34:29.020021"
}