{
  "algorithm": "SGDClassifier",
  "total_experiments": 20,
  "configurations": 20,
  "runs_per_config": 1,
  "execution_time": 574.4838645458221,
  "best_accuracy": 0.9871410134809447,
  "mean_accuracy": 0.9860981783287537,
  "best_balanced_accuracy": 0.891376052080192,
  "mean_balanced_accuracy": 0.8317310830280672,
  "best_f1": 0.9934229586347385,
  "mean_f1": 0.9928883960830197,
  "test_mode": false,
  "results_path": "experiments/results/full/1760721459_sgdclassifier",
  "timestamp": 1760757819.072743
}