{
  "algorithm": "SGDOneClassSVM",
  "total_experiments": 15,
  "configurations": 15,
  "runs_per_config": 1,
  "execution_time": 24.24844717979431,
  "best_accuracy": 0.9827317738471004,
  "mean_accuracy": 0.9808157722685109,
  "best_balanced_accuracy": 0.9869144426181642,
  "mean_balanced_accuracy": 0.9559587249285382,
  "best_f1": 0.991113813824455,
  "mean_f1": 0.990096508621792,
  "test_mode": false,
  "results_path": "experiments/results/full/1760721459_sgdoneclasssvm",
  "timestamp": 1760757865.7403958
}