{
  "algorithm": "GradientBoostingClassifier",
  "mode": "COMPLETO",
  "executions": 50,
  "best_performance": {
    "f1_score": 0.9964102006954347,
    "accuracy": 0.9929907528138056,
    "precision": 0.9967917858793056,
    "recall": 0.9960289075515577,
    "training_time": 4101.3811026573185
  },
  "average_performance": {
    "f1_score": 0.9960006265205829,
    "accuracy": 0.9921894262657405,
    "precision": 0.9961925383555781,
    "recall": 0.995808859902997,
    "training_time": 1760.2190401268006
  },
  "stability": {
    "f1_std": 0.0003666965847532368,
    "accuracy_std": 0.0007176356577430901,
    "stability_score": 0.00038264729562515447
  },
  "efficiency": 0.0011902649023408922,
  "generated_at": "2025-10-22T14:26:38.121900"
}