window,precision,recall,f1,fpr,cumulative_error,window_error,fading_error
final,0.19047619047619047,0.3076923076923077,0.23529411764705882,0.0776255707762557,0,0,0
