{
  "algorithm": "EllipticEnvelope",
  "total_experiments": 15,
  "configurations": 15,
  "runs_per_config": 1,
  "execution_time": 257.214968919754,
  "best_accuracy": 0.9841878225020047,
  "mean_accuracy": 0.9810625564112418,
  "best_balanced_accuracy": 0.9829196182167245,
  "mean_balanced_accuracy": 0.9017094015259366,
  "best_f1": 0.9919170000755102,
  "mean_f1": 0.9902474617220626,
  "test_mode": false,
  "results_path": "experiments/results/full/1760721459_ellipticenvelope",
  "timestamp": 1760752295.7436204
}