{
  "algorithm": "EllipticEnvelope",
  "mode": "COMPLETO",
  "executions": 45,
  "best_performance": {
    "f1_score": 0.9919170000755102,
    "accuracy": 0.9841878225020047,
    "precision": 0.9904319293965052,
    "recall": 0.9934065309232335,
    "training_time": 14.802948156992594
  },
  "average_performance": {
    "f1_score": 0.9902474617220626,
    "accuracy": 0.9810625564112422,
    "precision": 0.9956341710972895,
    "recall": 0.9849504845407523,
    "training_time": 14.58386722670661
  },
  "stability": {
    "f1_std": 0.001355655538916789,
    "accuracy_std": 0.002553958978376539,
    "stability_score": 0.0013875576810714577
  },
  "efficiency": 0.06793298619363873,
  "generated_at": "2025-10-20T00:23:10.540476"
}