{
  "flows_processed": 10000,
  "anomalies_detected": 4922,
  "anomaly_rate": 49.220000000000006,
  "elapsed_seconds": 68.98144960403442,
  "flows_per_second": 144.96650994436544,
  "algorithm": "halfspace_trees",
  "detector_stats": {
    "total_samples": 10000,
    "anomaly_count": 4922,
    "n_trees": 25,
    "height": 15,
    "window_size": 250,
    "seed": 42,
    "threshold": 0.5,
    "min_samples": 10
  },
  "ground_truth_mode": "ip",
  "attack_flows_by_ip": 5581,
  "benign_flows_by_ip": 4419,
  "prequential_metrics": {
    "precision": 0.44819179195449005,
    "recall": 0.39526966493459953,
    "f1": 0.4200704560601733,
    "accuracy": 0.3909,
    "fpr": 0.6146186920117673,
    "tp": 2206,
    "fp": 2716,
    "tn": 1703,
    "fn": 3375,
    "error_rate": 0.6091,
    "total_samples": 10000
  }
}