window,precision,recall,f1,fpr,cumulative_error,window_error,fading_error
final,0.12962962962962962,0.5384615384615384,0.208955223880597,0.3263888888888889,0,0,0
