window,precision,recall,f1,fpr,cumulative_error,window_error,fading_error
final,0.13114754098360656,0.6153846153846154,0.21621621621621623,0.36054421768707484,0,0,0
