{
  "algorithm": "EllipticEnvelope",
  "mode": "COMPLETO",
  "executions": 15,
  "best_performance": {
    "f1_score": 0.9919170000755102,
    "accuracy": 0.9841878225020047,
    "precision": 0.9904319293965052,
    "recall": 0.9934065309232335,
    "training_time": 14.122388362884521
  },
  "average_performance": {
    "f1_score": 0.9902474617220626,
    "accuracy": 0.9810625564112418,
    "precision": 0.9956341710972896,
    "recall": 0.9849504845407524,
    "training_time": 14.659217325846354
  },
  "stability": {
    "f1_std": 0.0013875576810714319,
    "accuracy_std": 0.002614060353723257,
    "stability_score": 0.0013875576810714319
  },
  "efficiency": 0.067603629968465,
  "generated_at": "2025-10-18T01:51:55.025841"
}