{
  "flows_processed": 7684,
  "anomalies_detected": 11,
  "anomaly_rate": 0.14315460697553356,
  "elapsed_seconds": 16.726711988449097,
  "flows_per_second": 459.38496491757087,
  "algorithm": "teda",
  "detector_stats": {
    "sample_count": 7684,
    "mean": [
      25.194169703279517,
      3872.344742321707,
      19.96043727225405,
      5.233732431025519,
      3041.505075481516,
      830.8396668401894,
      1067.0143811105454,
      87720.48304731603,
      117.02192328275535,
      66.0654860652687,
      -2.0470301406532934,
      35.92749996212039,
      0.6779021343050501,
      7.545809474232167,
      0.6209005726184283,
      0.03748047891723056,
      0.9612969109017324
    ],
    "variance": 7685672977033.509,
    "std_dev": 2772304.632798046,
    "anomaly_count": 11,
    "anomaly_rate": 0.0014315460697553357,
    "avg_eccentricity": 0.0018240169300078237,
    "current_threshold": 0.0006507027589796981,
    "m_parameter": 3.0
  },
  "prequential_metrics": {
    "precision": 0.18181818181818182,
    "recall": 0.0005205622071837585,
    "f1": 0.0010381520892810796,
    "accuracy": 0.4990890161374284,
    "fpr": 0.002342529932326913,
    "tp": 2,
    "fp": 9,
    "tn": 3833,
    "fn": 3840,
    "error_rate": 0.5009109838625716,
    "total_samples": 7684
  }
}