{
  "algorithm": "LogisticRegression",
  "mode": "COMPLETO",
  "executions": 20,
  "best_performance": {
    "f1_score": 0.993460901831675,
    "accuracy": 0.9872232008192079,
    "precision": 0.9931481550933108,
    "recall": 0.993773845602743,
    "training_time": 34.1411018371582
  },
  "average_performance": {
    "f1_score": 0.993366413028269,
    "accuracy": 0.987036891008483,
    "precision": 0.9929289435235603,
    "recall": 0.9938043224863679,
    "training_time": 30.01907569169998
  },
  "stability": {
    "f1_std": 0.00018733753599774539,
    "accuracy_std": 0.000368341809889079,
    "stability_score": 0.00018733753599774539
  },
  "efficiency": 0.03475411340540312,
  "generated_at": "2025-10-17T17:28:27.515453"
}