{
  "algorithm": "SGDClassifier",
  "total_experiments": 60,
  "configurations": 20,
  "runs_per_config": 3,
  "execution_time": 1822.1377124786377,
  "best_accuracy": 0.9871410134809447,
  "mean_accuracy": 0.9860981783287539,
  "best_balanced_accuracy": 0.891376052080192,
  "mean_balanced_accuracy": 0.831731083028067,
  "best_f1": 0.9934229586347385,
  "mean_f1": 0.9928883960830197,
  "test_mode": false,
  "results_path": "experiments/results/full/1760834269_sgdclassifier",
  "timestamp": 1760936098.8960688
}