{
  "flows_processed": 5445,
  "anomalies_detected": 2854,
  "anomaly_rate": 52.41505968778696,
  "elapsed_seconds": 52.91022849082947,
  "flows_per_second": 102.91015849503921,
  "algorithm": "halfspace_trees",
  "detector_stats": {
    "total_samples": 5445,
    "anomaly_count": 2854,
    "n_trees": 25,
    "height": 15,
    "window_size": 250,
    "seed": 42,
    "threshold": 0.5,
    "min_samples": 10
  },
  "ground_truth_mode": "ip",
  "attack_flows_by_ip": 2028,
  "benign_flows_by_ip": 3417,
  "prequential_metrics": {
    "precision": 0.4036440084092502,
    "recall": 0.5680473372781065,
    "f1": 0.4719377304383449,
    "accuracy": 0.5265381083562902,
    "fpr": 0.4980977465613111,
    "tp": 1152,
    "fp": 1702,
    "tn": 1715,
    "fn": 876,
    "error_rate": 0.47346189164370983,
    "total_samples": 5445
  }
}