{
  "algorithm": "IsolationForest",
  "total_experiments": 15,
  "configurations": 15,
  "runs_per_config": 1,
  "execution_time": 238.4624834060669,
  "best_accuracy": 0.9804782858831029,
  "mean_accuracy": 0.8836926252783078,
  "best_balanced_accuracy": 0.8856788517384575,
  "mean_balanced_accuracy": 0.8536521278318545,
  "best_f1": 0.9899781454352012,
  "mean_f1": 0.9335130795753509,
  "test_mode": false,
  "results_path": "experiments/results/full/1760721459_isolationforest",
  "timestamp": 1760752015.4652514
}