{
  "algorithm": "IsolationForest",
  "mode": "COMPLETO",
  "executions": 15,
  "best_performance": {
    "f1_score": 0.9899781454352012,
    "accuracy": 0.9804782858831029,
    "precision": 0.9927193680589861,
    "recall": 0.987252019946438,
    "training_time": 10.549793243408203
  },
  "average_performance": {
    "f1_score": 0.9335130795753509,
    "accuracy": 0.8836926252783078,
    "precision": 0.9953948267503505,
    "recall": 0.8851644671378451,
    "training_time": 6.890632200241089
  },
  "stability": {
    "f1_std": 0.0629048731790741,
    "accuracy_std": 0.10529770755176916,
    "stability_score": 0.0629048731790741
  },
  "efficiency": 0.17337740766883922,
  "generated_at": "2025-10-18T01:47:13.041383"
}