window,precision,recall,f1,fpr,cumulative_error,window_error,fading_error
final,0.5773195876288659,0.043933054393305436,0.08165249088699879,0.03217368558723516,0,0,0
