{
  "algorithm": "RandomForest",
  "total_experiments": 30,
  "configurations": 10,
  "runs_per_config": 3,
  "execution_time": 17507.956334114075,
  "best_accuracy": 0.9929196718726052,
  "mean_accuracy": 0.992178875188531,
  "best_f1": 0.9963742708018748,
  "mean_f1": 0.9959960011566673,
  "test_mode": false,
  "results_path": "experiments/results/full/1760364824_randomforest",
  "timestamp": 1760385148.946752,
  "best_balanced_accuracy": 0.9285753684389306,
  "mean_balanced_accuracy": 0.9149801941394452
}