{
  "algorithm": "SGDOneClassSVM",
  "mode": "COMPLETO",
  "executions": 75,
  "best_performance": {
    "f1_score": 0.991113813824455,
    "accuracy": 0.9827317738471004,
    "precision": 0.9962542814367474,
    "recall": 0.9860261214185397,
    "training_time": 0.30237617492675783
  },
  "average_performance": {
    "f1_score": 0.9900965086217919,
    "accuracy": 0.9808157722685116,
    "precision": 0.998299888696564,
    "recall": 0.9820336496636736,
    "training_time": 0.3112051105499268
  },
  "stability": {
    "f1_std": 0.0007522603998798439,
    "accuracy_std": 0.0014212865352126256,
    "stability_score": 0.0007734549805240959
  },
  "efficiency": 3.1889965328284586,
  "generated_at": "2025-10-22T23:26:07.979163"
}