{
  "flows_processed": 10000,
  "anomalies_detected": 7948,
  "anomaly_rate": 79.47999999999999,
  "elapsed_seconds": 69.62592267990112,
  "flows_per_second": 143.62466758213165,
  "algorithm": "halfspace_trees",
  "detector_stats": {
    "total_samples": 10000,
    "anomaly_count": 7948,
    "n_trees": 25,
    "height": 15,
    "window_size": 250,
    "seed": 42,
    "threshold": 0.5,
    "min_samples": 10
  },
  "ground_truth_mode": "ip",
  "attack_flows_by_ip": 3712,
  "benign_flows_by_ip": 6288,
  "prequential_metrics": {
    "precision": 0.4451434323100151,
    "recall": 0.953125,
    "f1": 0.6068610634648369,
    "accuracy": 0.5416,
    "fpr": 0.7013358778625954,
    "tp": 3538,
    "fp": 4410,
    "tn": 1878,
    "fn": 174,
    "error_rate": 0.4584,
    "total_samples": 10000
  }
}