{
  "algorithm": "LogisticRegression",
  "total_experiments": 60,
  "configurations": 20,
  "runs_per_config": 3,
  "execution_time": 1869.024533033371,
  "best_accuracy": 0.9872232008192079,
  "mean_accuracy": 0.9870368910084829,
  "best_balanced_accuracy": 0.8535236279899385,
  "mean_balanced_accuracy": 0.8489126715394696,
  "best_f1": 0.993460901831675,
  "mean_f1": 0.9933664130282689,
  "test_mode": false,
  "results_path": "experiments/results/full/1760834269_logisticregression",
  "timestamp": 1760836138.5618918
}