Feature,F-statistic,p-value,Significant
Rate,17019.05647409212,0.0,True
AVG,277108.2271183924,0.0,True
Min,61460.07807470617,0.0,True
Max,87668.83740198653,0.0,True
Std,133951.14858208736,0.0,True
Tot size,277108.2271183924,0.0,True
