window,precision,recall,f1,fpr,cumulative_error,window_error,fading_error
final,0.2638888888888889,0.3333333333333333,0.29457364341085274,0.2676767676767677,0,0,0
