{
  "flows_processed": 211,
  "anomalies_detected": 5,
  "anomaly_rate": 2.3696682464454977,
  "elapsed_seconds": 15.019733190536499,
  "flows_per_second": 14.048185631749107,
  "algorithm": "micro_teda",
  "detector_stats": {
    "total_samples": 211,
    "num_clusters": 11,
    "anomaly_count": 5,
    "r0": 0.1,
    "min_samples": 10,
    "clusters": [
      {
        "cluster_id": 0,
        "n": 1,
        "mean": [
          28.0,
          190.0,
          29478.0,
          4.0,
          3.0,
          0.6464811989239284,
          6.785714285714286,
          113.38208874458874,
          68.10887065221388,
          1.0071428571428571,
          0.15263157894736842,
          0.07320645039989834,
          2.8,
          1.516468623731106,
          1.3712323266408757,
          0.0,
          1682.7623836406372,
          0.4642857142857143,
          0.03571428571428571
        ],
        "variance": 0.0,
        "density": 1.0,
        "dynamic_m": 1.0000981227800807,
        "threshold": 13.0
      },
      {
        "cluster_id": 1,
        "n": 1,
        "mean": [
          7.0,
          34.0,
          3825.0,
          3.0,
          1.0,
          4.760497297559466,
          4.857142857142857,
          112.42857142857143,
          18.23542191025198,
          1.2142857142857142,
          0.0,
          2.1454666072414037,
          0.7,
          -0.0,
          1.5566567074628228,
          0.0,
          350.72571991835,
          0.42857142857142855,
          0.0
        ],
        "variance": 0.0,
        "density": 1.0,
        "dynamic_m": 1.0000981227800807,
        "threshold": 13.0
      },
      {
        "cluster_id": 2,
        "n": 1,
        "mean": [
          9.0,
          18.0,
          1812.0,
          6.0,
          2.0,
          0.11541321542527941,
          2.0,
          100.66666666666667,
          11.925695879998878,
          1.0,
          0.0,
          0.0,
          0.9,
          0.9910760598382222,
          2.2810361125534233,
          0.0,
          23.851391759997757,
          1.0,
          0.0
        ],
        "variance": 0.0,
        "density": 1.0,
        "dynamic_m": 1.0000981227800807,
        "threshold": 13.0
      },
      {
        "cluster_id": 3,
        "n": 11,
        "mean": [
          5.0,
          10.0,
          708.0,
          4.0,
          2.0,
          0.1330486384305087,
          2.0,
          70.8,
          12.006664815842909,
          1.0,
          0.0,
          0.0,
          0.5,
          0.9709505944546686,
          1.9219280948873623,
          0.0,
          24.013329631685817,
          1.0,
          0.0
        ],
        "variance": 9.099935755702114e-06,
        "density": 0.004137671806077044,
        "dynamic_m": 1.0472983683591344,
        "threshold": 0.09531063056216843
      },
      {
        "cluster_id": 4,
        "n": 179,
        "mean": [
          12.005586592178771,
          67.32960893854752,
          9595.83798882682,
          2.888268156424581,
          2.357541899441342,
          3.357479167058517,
          4.727283403714807,
          107.86095000327205,
          32.150732555586465,
          0.984254491411476,
          0.10155965088801748,
          1.3016853897547043,
          1.200558659217876,
          1.0491350083630075,
          1.3106293603539487,
          0.033420559887040346,
          1063.5180808109872,
          0.6838745160226689,
          0.03770361389076473
        ],
        "variance": 774576161.1818707,
        "density": 1.564921566505535e-05,
        "dynamic_m": 1.9044940003415933,
        "threshold": 0.0129248530651875
      },
      {
        "cluster_id": 5,
        "n": 13,
        "mean": [
          18.846153846153847,
          112.46153846153847,
          13388.692307692309,
          2.307692307692308,
          2.769230769230769,
          8.83324259937683,
          5.834578754578755,
          115.50929709725821,
          39.22905377258964,
          0.9519405197976627,
          0.1553031527528087,
          7.0463581427573505,
          1.8846153846153846,
          1.3182495298980317,
          1.0937270194212538,
          0.015384615384615382,
          1043.3852042983115,
          0.5674725274725275,
          0.050183150183150185
        ],
        "variance": 17080013.474811133,
        "density": 0.004012928958711004,
        "dynamic_m": 1.0568620355151142,
        "threshold": 0.08142143700435193
      },
      {
        "cluster_id": 6,
        "n": 1,
        "mean": [
          5.0,
          11.0,
          1706.0,
          2.0,
          2.0,
          0.6186503887176513,
          2.2,
          163.2,
          69.61149330390779,
          0.8,
          0.2727272727272727,
          0.30064878463745115,
          0.5,
          0.7219280948873623,
          0.7219280948873623,
          0.2,
          122.38692740648406,
          1.0,
          0.2
        ],
        "variance": 0.0,
        "density": 1.0,
        "dynamic_m": 1.0000981227800807,
        "threshold": 13.0
      },
      {
        "cluster_id": 7,
        "n": 1,
        "mean": [
          7.0,
          3053.0,
          2853322.0,
          4.0,
          2.0,
          9.856626749038696,
          436.14285714285717,
          352.1534875640964,
          264.1964043651014,
          1.2059717908902692,
          0.0026203734032099572,
          0.0416725904228755,
          0.7,
          0.9852281360342515,
          1.8423709931771084,
          0.0,
          988546.4077751241,
          0.42857142857142855,
          0.0
        ],
        "variance": 0.0,
        "density": 1.0,
        "dynamic_m": 1.0000981227800807,
        "threshold": 13.0
      },
      {
        "cluster_id": 8,
        "n": 1,
        "mean": [
          14.0,
          214.0,
          68752.0,
          3.0,
          2.0,
          0.3186953919274466,
          15.285714285714286,
          267.76847836892176,
          95.17722096914291,
          1.1043444650587506,
          0.09345794392523364,
          0.028417857076022957,
          1.4,
          0.863120568566631,
          1.1981174211304033,
          0.0,
          3906.9873826470525,
          0.2857142857142857,
          0.0
        ],
        "variance": 0.0,
        "density": 1.0,
        "dynamic_m": 1.0000981227800807,
        "threshold": 13.0
      },
      {
        "cluster_id": 9,
        "n": 1,
        "mean": [
          6.0,
          1067.0,
          174521.0,
          6.0,
          1.0,
          679.2910484870275,
          177.83333333333334,
          140.13364953226423,
          36.881125309149375,
          0.5,
          0.0,
          13.661137823802173,
          0.6,
          -0.0,
          2.584962500721156,
          0.0,
          23269.12600003609,
          0.0,
          0.5
        ],
        "variance": 0.0,
        "density": 1.0,
        "dynamic_m": 1.0000981227800807,
        "threshold": 13.0
      },
      {
        "cluster_id": 10,
        "n": 1,
        "mean": [
          6.0,
          1443.0,
          185179.0,
          5.0,
          6.0,
          676.68470565478,
          240.5,
          111.24906828472554,
          25.041927048869763,
          0.41848707641313165,
          0.0,
          17.356127419972484,
          0.6,
          2.584962500721156,
          2.2516291673878226,
          0.0,
          24441.198323163742,
          0.0,
          0.3333333333333333
        ],
        "variance": 0.0,
        "density": 1.0,
        "dynamic_m": 1.0000981227800807,
        "threshold": 13.0
      }
    ]
  },
  "ground_truth_mode": "ip",
  "attack_flows_by_ip": 0,
  "benign_flows_by_ip": 211,
  "prequential_metrics": {
    "precision": 0.0,
    "recall": 0.0,
    "f1": 0.0,
    "accuracy": 0.976303317535545,
    "fpr": 0.023696682464454975,
    "tp": 0,
    "fp": 5,
    "tn": 206,
    "fn": 0,
    "error_rate": 0.023696682464454975,