{
  "algorithm": "LinearSVC",
  "total_experiments": 30,
  "configurations": 10,
  "runs_per_config": 3,
  "execution_time": 4425.611688137054,
  "best_accuracy": 0.9871010304515194,
  "mean_accuracy": 0.9870773738257764,
  "best_f1": 0.9933995012400799,
  "mean_f1": 0.9933875146492263,
  "test_mode": false,
  "results_path": "experiments/results/full/1760364824_linearsvc",
  "timestamp": 1760464006.3899481,
  "best_balanced_accuracy": 0.8487589446167619,
  "mean_balanced_accuracy": 0.8480804165105951
}