window,precision,recall,f1,fpr,cumulative_error,window_error,fading_error
final,0.09345794392523364,0.7692307692307693,0.16666666666666666,0.4511627906976744,0,0,0
