window,precision,recall,f1,fpr,cumulative_error,window_error,fading_error
final,0.05263157894736842,0.3333333333333333,0.09090909090909091,0.54,0,0,0
