{
  "algorithm": "IsolationForest",
  "mode": "COMPLETO",
  "executions": 75,
  "best_performance": {
    "f1_score": 0.9899781454352012,
    "accuracy": 0.9804782858831029,
    "precision": 0.9927193680589861,
    "recall": 0.9872520199464379,
    "training_time": 11.032381916046143
  },
  "average_performance": {
    "f1_score": 0.9335130795753507,
    "accuracy": 0.8836926252783077,
    "precision": 0.9953948267503506,
    "recall": 0.8851644671378452,
    "training_time": 6.902448329925537
  },
  "stability": {
    "f1_std": 0.06118112397442553,
    "accuracy_std": 0.10241228976979574,
    "stability_score": 0.0629048731790741
  },
  "efficiency": 0.16631106252108335,
  "generated_at": "2025-10-22T14:52:27.901221"
}