{
  "flows_processed": 2807,
  "anomalies_detected": 6,
  "anomaly_rate": 0.21375133594584966,
  "elapsed_seconds": 13.872143983840942,
  "flows_per_second": 202.3479574080079,
  "algorithm": "teda",
  "detector_stats": {
    "sample_count": 2807,
    "mean": [
      10.221945137157082,
      4795.168507303161,
      5.429640185251159,
      4.792304951905964,
      4034.426077662989,
      760.7424296401862,
      1034.3212328902127,
      85803.83668139053,
      118.49220522172125,
      72.17313354365922,
      2.5852911685973465,
      0.9676210176923474,
      0.7203420021375143,
      7.677591734948335,
      0.657641610260063,
      0.037762736017100035,
      0.9768100825754786
    ],
    "variance": 6199092824788.139,
    "std_dev": 2489797.747767505,
    "anomaly_count": 6,
    "anomaly_rate": 0.0021375133594584966,
    "avg_eccentricity": 0.004296624070478331,
    "current_threshold": 0.0017812611328820805,
    "m_parameter": 3.0
  },
  "prequential_metrics": {
    "precision": 0.0,
    "recall": 0.0,
    "f1": 0.0,
    "accuracy": 0.9978624866405416,
    "fpr": 0.0021375133594584966,
    "tp": 0,
    "fp": 6,
    "tn": 2801,
    "fn": 0,
    "error_rate": 0.0021375133594584966,
    "total_samples": 2807
  },
  "ground_truth_metadata": {
    "pcap_path": "/Users/augusto/mestrado/final-project/data/raw/PCAP/Benign/BenignTraffic.pcap",
    "pcap_filename": "BenignTraffic.pcap",
    "attack_type": "benign",
    "is_attack": false,
    "method": "filename_heuristic",
    "version": "5.0"
  }
}