{
  "flows_processed": 10000,
  "anomalies_detected": 1069,
  "anomaly_rate": 10.69,
  "elapsed_seconds": 5734.007542848587,
  "flows_per_second": 1.743980963623239,
  "algorithm": "lof",
  "detector_stats": {
    "total_samples": 10000,
    "anomaly_count": 1069,
    "n_neighbors": 20,
    "threshold": 1.5,
    "min_samples": 10
  },
  "ground_truth_mode": "ip",
  "attack_flows_by_ip": 5503,
  "benign_flows_by_ip": 4497,
  "prequential_metrics": {
    "precision": 0.3882132834424696,
    "recall": 0.07541341086679992,
    "f1": 0.12629336579427874,
    "accuracy": 0.4258,
    "fpr": 0.14543028685790527,
    "tp": 415,
    "fp": 654,
    "tn": 3843,
    "fn": 5088,
    "error_rate": 0.5742,
    "total_samples": 10000
  }
}