{
  "algorithm": "LocalOutlierFactor",
  "mode": "COMPLETO",
  "executions": 40,
  "best_performance": {
    "f1_score": 0.9909383742064868,
    "accuracy": 0.9823752585013917,
    "precision": 0.9951885359844749,
    "recall": 0.9867243604687527,
    "training_time": 142.8304428100586
  },
  "average_performance": {
    "f1_score": 0.9900369644804702,
    "accuracy": 0.980672647831698,
    "precision": 0.9968237679990143,
    "recall": 0.9833460320348436,
    "training_time": 140.56229656934738
  },
  "stability": {
    "f1_std": 0.0006987615198622014,
    "accuracy_std": 0.0013284574235617873,
    "stability_score": 0.0007376107917549022
  },
  "efficiency": 0.0070439400262757865,
  "generated_at": "2025-10-22T18:28:35.843264"
}