window,precision,recall,f1,fpr,cumulative_error,window_error,fading_error
final,0.09375,0.23076923076923078,0.13333333333333333,0.13004484304932734,0,0,0
