{
  "algorithm": "RandomForest",
  "total_experiments": 36,
  "configurations": 12,
  "runs_per_config": 3,
  "execution_time": 29190.036628961563,
  "best_accuracy": 0.9929374421079054,
  "mean_accuracy": 0.9923016934293811,
  "best_balanced_accuracy": 0.9286325925164525,
  "mean_balanced_accuracy": 0.9175188425769508,
  "best_f1": 0.9963833501018338,
  "mean_f1": 0.9960586332605974,
  "test_mode": false,
  "results_path": "experiments/results/full/1760834269_randomforest",
  "timestamp": 1760865351.6637971
}