window,precision,recall,f1,fpr,cumulative_error,window_error,fading_error
final,0.16666666666666666,0.07692307692307693,0.10526315789473684,0.023148148148148147,0,0,0
