{
  "algorithm": "LocalOutlierFactor",
  "mode": "COMPLETO",
  "executions": 8,
  "best_performance": {
    "f1_score": 0.9909383742064868,
    "accuracy": 0.9823752585013916,
    "precision": 0.9951885359844749,
    "recall": 0.9867243604687527,
    "training_time": 142.09460377693176
  },
  "average_performance": {
    "f1_score": 0.9900369644804701,
    "accuracy": 0.980672647831698,
    "precision": 0.9968237679990142,
    "recall": 0.9833460320348437,
    "training_time": 139.15474498271942
  },
  "stability": {
    "f1_std": 0.0007376107917549008,
    "accuracy_std": 0.0014023161037821931,
    "stability_score": 0.0007376107917549008
  },
  "efficiency": 0.007115413569409682,
  "generated_at": "2025-10-18T02:28:26.959941"
}