{
  "algorithm": "SGDClassifier",
  "mode": "COMPLETO",
  "executions": 100,
  "best_performance": {
    "f1_score": 0.9934229586347385,
    "accuracy": 0.9871410134809449,
    "precision": 0.9924893105761449,
    "recall": 0.9943583649379375,
    "training_time": 24.37334008216858
  },
  "average_performance": {
    "f1_score": 0.9928883960830197,
    "accuracy": 0.9860981783287535,
    "precision": 0.9921216710462818,
    "recall": 0.9936614336644476,
    "training_time": 27.834919230937956
  },
  "stability": {
    "f1_std": 0.0006722891719348158,
    "accuracy_std": 0.0013122511117882876,
    "stability_score": 0.000686296700754964
  },
  "efficiency": 0.06195150037199153,
  "generated_at": "2025-10-22T23:23:38.467426"
}