{
  "flows_processed": 2805,
  "anomalies_detected": 6,
  "anomaly_rate": 0.21390374331550802,
  "elapsed_seconds": 14.009741067886353,
  "flows_per_second": 200.2178331782109,
  "algorithm": "teda",
  "detector_stats": {
    "sample_count": 2805,
    "mean": [
      10.178253119429607,
      4787.301960784327,
      5.390017825311943,
      4.78823529411764,
      4026.7379679144433,
      760.5639928698745,
      1035.0839207276401,
      85867.3018372312,
      118.3349163817277,
      72.23573406993411,
      2.273475409300236,
      0.8575382047137086,
      0.7215686274509795,
      7.6723707664884255,
      0.6584670231729072,
      0.03778966131907303,
      0.9765707314757117
    ],
    "variance": 6203507131221.394,
    "std_dev": 2490684.068929938,
    "anomaly_count": 6,
    "anomaly_rate": 0.0021390374331550803,
    "avg_eccentricity": 0.004299429056109035,
    "current_threshold": 0.0017825311942959,
    "m_parameter": 3.0
  },
  "prequential_metrics": {
    "precision": 0.0,
    "recall": 0.0,
    "f1": 0.0,
    "accuracy": 0.9978609625668449,
    "fpr": 0.0021390374331550803,
    "tp": 0,
    "fp": 6,
    "tn": 2799,
    "fn": 0,
    "error_rate": 0.0021390374331550803,
    "total_samples": 2805
  },
  "ground_truth_metadata": {
    "pcap_path": "/Users/augusto/mestrado/final-project/data/raw/PCAP/Benign/BenignTraffic.pcap",
    "pcap_filename": "BenignTraffic.pcap",
    "attack_type": "benign",
    "is_attack": false,
    "method": "filename_heuristic",
    "version": "5.0"
  }
}