{
  "algorithm": "LogisticRegression",
  "mode": "COMPLETO",
  "executions": 100,
  "best_performance": {
    "f1_score": 0.9934609018316751,
    "accuracy": 0.9872232008192079,
    "precision": 0.9931481550933107,
    "recall": 0.9937738456027428,
    "training_time": 33.649811315536496
  },
  "average_performance": {
    "f1_score": 0.9933664130282688,
    "accuracy": 0.9870368910084832,
    "precision": 0.9929289435235602,
    "recall": 0.993804322486368,
    "training_time": 30.180110569000245
  },
  "stability": {
    "f1_std": 0.00018351391870263464,
    "accuracy_std": 0.000360823839145505,
    "stability_score": 0.00018733753599773034
  },
  "efficiency": 0.03488029742632451,
  "generated_at": "2025-10-20T23:04:33.304255"
}